Name;Month;AvgEditionVolume;SalesOfPrintedVersions;SalesOfEVersions;SalesTotal;SpreadOfPrintedVersions;SpreadOfEVersions;SpreadTotal
a1;styczeń 2016;30 180;21 217;936;22 153;21 267;936;22 203
a2;styczeń 2016;80 183;42 775;10 212;52 987;46 874;13 887;60 761
a3;styczeń 2016;30 672;21 287;582;21 869;21 287;582;21 869
a4;styczeń 2016;26 105;17 297;102;17 399;17 438;102;17 540
a5;styczeń 2016;9 769;6 361;0;6 361;6 361;0;6 361
a6;styczeń 2016;52 211;36 010;165;36 175;36 219;165;36 384
a7;styczeń 2016;24 210;16 357;1 576;17 933;18 004;1 967;19 971
a8;styczeń 2016;14 499;10 718;139;10 857;10 742;139;10 881
a9;styczeń 2016;36 603;27 097;36;27 133;27 097;36;27 133
a10;styczeń 2016;433 817;314 709;209;314 918;314 709;209;314 918
a11;styczeń 2016;21 874;15 346;446;15 792;15 354;446;15 800
a12;styczeń 2016;22 986;15 225;245;15 470;15 267;245;15 512
a13;styczeń 2016;24 631;19 461;248;19 709;19 471;248;19 719
a14;styczeń 2016;19 812;12 716;84;12 800;13 799;84;13 883
a15;styczeń 2016;34 190;23 757;1 121;24 878;23 757;1 121;24 878
a16;styczeń 2016;57 555;21 555;339;21 894;21 555;365;21 920
a17;styczeń 2016;44 417;38 784;300;39 084;39 076;424;39 500
a18;styczeń 2016;22 365;15 103;197;15 300;15 145;197;15 342
a19;styczeń 2016;7 953;5 738;38;5 776;5 740;38;5 778
a20;styczeń 2016;245 397;152 113;2 052;154 165;157 164;16 938;174 102
a21;styczeń 2016;28 100;20 947;279;21 226;21 098;279;21 377
a22;styczeń 2016;36 683;27 797;606;28 403;27 801;606;28 407
a23;styczeń 2016;7 215;3 835;75;3 910;3 835;75;3 910
a24;styczeń 2016;6 642;4 875;51;4 926;4 918;51;4 969
a25;styczeń 2016;18 008;10 257;50;10 307;11 193;50;11 243
a26;styczeń 2016;19 249;13 261;146;13 407;14 459;146;14 605
a27;styczeń 2016;15 234;11 900;204;12 104;11 903;204;12 107
a28;styczeń 2016;7 169;2 696;2 200;4 896;2 738;2 500;5 238
a29;styczeń 2016;9 259;3 517;83;3 600;3 517;83;3 600
a30;styczeń 2016;56 133;27 209;349;27 558;27 209;349;27 558
a31;styczeń 2016;13 673;7 283;2 767;10 050;9 716;2 767;12 483
a32;styczeń 2016;82 531;47 389;11 053;58 442;49 117;11 053;60 170
a33;styczeń 2016;9 887;4 739;19;4 758;4 739;19;4 758
a34;styczeń 2016;244 944;152 006;0;152 006;152 726;0;152 726
a35;styczeń 2016;13 097;8 136;0;8 136;8 136;0;8 136
a36;luty 2016;29 482;20 478;428;20 906;20 526;428;20 954
a37;luty 2016;57 013;34 350;10 274;44 624;38 169;13 957;52 126
a38;luty 2016;29 848;20 533;440;20 973;20 533;440;20 973
a39;luty 2016;25 477;17 016;204;17 220;17 132;204;17 336
a40;luty 2016;9 740;6 233;0;6 233;6 233;0;6 233
a41;luty 2016;50 695;34 607;206;34 813;34 898;206;35 104
a42;luty 2016;23 171;15 915;1 057;16 972;16 964;1 417;18 381
a43;luty 2016;14 390;10 227;147;10 374;10 245;147;10 392
a44;luty 2016;35 218;25 207;14;25 221;25 207;14;25 221
a45;luty 2016;438 674;308 246;211;308 457;308 246;211;308 457
a46;luty 2016;20 412;14 535;337;14 872;14 547;337;14 884
a47;luty 2016;22 733;15 149;372;15 521;15 254;372;15 626
a48;luty 2016;22 678;18 095;227;18 322;18 105;227;18 332
a49;luty 2016;19 221;12 397;92;12 489;12 959;92;13 051
a50;luty 2016;32 991;23 822;1 906;25 728;23 822;1 906;25 728
a51;luty 2016;57 509;21 161;321;21 482;21 161;336;21 497
a52;luty 2016;44 255;38 301;389;38 690;38 541;510;39 051
a53;luty 2016;22 092;14 632;307;14 939;14 800;307;15 107
a54;luty 2016;7 597;5 581;43;5 624;5 583;43;5 626
a55;luty 2016;240 562;150 340;2 045;152 385;155 593;17 005;172 598
a56;luty 2016;27 078;20 095;706;20 801;20 249;706;20 955
a57;luty 2016;35 296;27 321;333;27 654;27 325;333;27 658
a58;luty 2016;7 105;3 854;135;3 989;3 997;135;4 132
a59;luty 2016;6 478;4 764;79;4 843;4 847;79;4 926
a60;luty 2016;17 469;9 755;66;9 821;10 820;66;10 886
a61;luty 2016;18 567;12 603;162;12 765;13 918;162;14 080
a62;luty 2016;15 200;11 634;124;11 758;11 637;124;11 761
a63;luty 2016;7 044;2 602;1 821;4 423;2 657;2 121;4 778
a64;luty 2016;9 061;3 120;67;3 187;3 142;67;3 209
a65;luty 2016;58 944;28 415;360;28 775;28 415;360;28 775
a66;luty 2016;13 386;7 313;2 737;10 050;9 668;2 737;12 405
a67;luty 2016;62 812;44 026;11 124;55 150;44 115;11 124;55 239
a68;luty 2016;10 628;5 204;20;5 224;5 204;20;5 224
a69;luty 2016;243 021;143 218;0;143 218;143 938;0;143 938
a70;luty 2016;12 686;7 750;0;7 750;7 750;0;7 750
a71;marzec 2016;28 908;19 961;535;20 496;20 030;535;20 565
a72;marzec 2016;52 743;32 920;10 204;43 124;36 760;13 883;50 643
a73;marzec 2016;29 227;20 345;276;20 621;20 345;276;20 621
a74;marzec 2016;25 006;16 808;123;16 931;17 055;123;17 178
a75;marzec 2016;9 212;5 953;0;5 953;5 957;0;5 957
a76;marzec 2016;51 392;34 212;246;34 458;34 500;246;34 746
a77;marzec 2016;24 524;15 950;927;16 877;17 235;1 287;18 522
a78;marzec 2016;14 091;10 160;207;10 367;10 178;207;10 385
a79;marzec 2016;33 637;24 202;13;24 215;24 456;13;24 469
a80;marzec 2016;434 624;299 578;212;299 790;299 578;212;299 790
a81;marzec 2016;19 727;14 287;249;14 536;14 299;249;14 548
a82;marzec 2016;21 898;14 764;109;14 873;14 774;109;14 883
a83;marzec 2016;22 469;17 965;207;18 172;17 973;207;18 180
a84;marzec 2016;18 851;12 426;118;12 544;12 464;118;12 582
a85;marzec 2016;32 540;23 679;2 014;25 693;23 679;2 014;25 693
a86;marzec 2016;57 532;20 250;325;20 575;20 250;336;20 586
a87;marzec 2016;44 064;37 880;496;38 376;38 497;599;39 096
a88;marzec 2016;21 577;14 486;234;14 720;14 512;234;14 746
a89;marzec 2016;7 663;5 549;102;5 651;5 552;102;5 654
a90;marzec 2016;231 720;143 712;1 997;145 709;148 755;14 333;163 088
a91;marzec 2016;26 875;19 910;336;20 246;20 054;336;20 390
a92;marzec 2016;34 777;26 845;477;27 322;26 849;477;27 326
a93;marzec 2016;6 945;3 649;120;3 769;3 694;120;3 814
a94;marzec 2016;6 651;4 701;26;4 727;4 738;26;4 764
a95;marzec 2016;17 193;9 620;47;9 667;10 765;47;10 812
a96;marzec 2016;18 486;12 466;130;12 596;14 292;130;14 422
a97;marzec 2016;14 933;11 448;157;11 605;11 449;157;11 606
a98;marzec 2016;7 054;2 609;1 867;4 476;2 661;2 167;4 828
a99;marzec 2016;9 266;3 150;63;3 213;3 150;63;3 213
a100;marzec 2016;55 079;26 510;364;26 874;26 510;364;26 874
a101;marzec 2016;13 270;7 254;2 943;10 197;9 593;2 943;12 536
a102;marzec 2016;63 147;44 263;11 068;55 331;44 398;11 068;55 466
a103;marzec 2016;10 504;5 038;20;5 058;5 038;20;5 058
a104;marzec 2016;244 033;143 391;0;143 391;144 111;0;144 111
a105;marzec 2016;12 506;7 528;0;7 528;7 528;0;7 528
a106;kwiecień 2016;31 405;21 793;365;22 158;21 864;365;22 229
a107;kwiecień 2016;53 493;33 138;10 451;43 589;36 986;14 154;51 140
a108;kwiecień 2016;29 569;20 886;654;21 540;20 894;654;21 548
a109;kwiecień 2016;25 646;17 433;147;17 580;17 637;147;17 784
a110;kwiecień 2016;10 420;6 491;0;6 491;6 496;0;6 496
a111;kwiecień 2016;54 053;36 389;425;36 814;36 619;425;37 044
a112;kwiecień 2016;26 762;17 435;1 637;19 072;18 635;1 983;20 618
a113;kwiecień 2016;14 774;10 604;166;10 770;10 622;166;10 788
a114;kwiecień 2016;36 096;26 185;63;26 248;26 570;63;26 633
a115;kwiecień 2016;420 044;283 167;214;283 381;283 167;214;283 381
a116;kwiecień 2016;21 440;15 506;296;15 802;15 533;296;15 829
a117;kwiecień 2016;22 135;15 126;163;15 289;15 155;163;15 318
a118;kwiecień 2016;23 716;18 636;277;18 913;18 646;277;18 923
a119;kwiecień 2016;20 189;13 070;119;13 189;13 099;119;13 218
a120;kwiecień 2016;32 001;23 119;1 830;24 949;23 119;1 830;24 949
a121;kwiecień 2016;57 384;20 219;312;20 531;20 219;324;20 543
a122;kwiecień 2016;44 450;38 230;419;38 649;38 505;525;39 030
a123;kwiecień 2016;21 870;14 806;174;14 980;14 944;174;15 118
a124;kwiecień 2016;7 853;5 623;91;5 714;5 629;91;5 720
a125;kwiecień 2016;243 392;150 302;1 980;152 282;155 688;14 867;170 555
a126;kwiecień 2016;27 390;20 305;555;20 860;20 468;555;21 023
a127;kwiecień 2016;36 463;27 778;245;28 023;27 782;245;28 027
a128;kwiecień 2016;7 989;3 993;93;4 086;4 494;93;4 587
a129;kwiecień 2016;6 956;4 920;148;5 068;5 186;148;5 334
a130;kwiecień 2016;19 187;10 558;79;10 637;11 676;79;11 755
a131;kwiecień 2016;18 563;12 445;196;12 641;13 993;196;14 189
a132;kwiecień 2016;15 372;11 783;164;11 947;11 784;164;11 948
a133;kwiecień 2016;7 296;2 749;1 976;4 725;2 800;2 276;5 076
a134;kwiecień 2016;9 496;3 129;66;3 195;3 129;66;3 195
a135;kwiecień 2016;54 450;26 550;360;26 910;26 550;360;26 910
a136;kwiecień 2016;13 313;7 228;2 979;10 207;9 597;2 979;12 576
a137;kwiecień 2016;63 488;43 812;10 993;54 805;43 910;10 993;54 903
a138;kwiecień 2016;10 508;5 201;18;5 219;5 201;18;5 219
a139;kwiecień 2016;240 290;145 341;0;145 341;146 061;0;146 061
a140;kwiecień 2016;13 767;8 133;0;8 133;8 133;0;8 133
a141;maj 2016;29 729;20 089;591;20 680;20 127;591;20 718
a142;maj 2016;55 431;33 079;10 503;43 582;36 812;14 197;51 009
a143;maj 2016;28 874;19 419;496;19 915;19 419;496;19 915
a144;maj 2016;25 451;16 815;162;16 977;17 102;162;17 264
a145;maj 2016;9 918;6 168;0;6 168;6 168;0;6 168
a146;maj 2016;52 319;34 737;376;35 113;35 004;376;35 380
a147;maj 2016;24 914;16 092;1 528;17 620;17 132;1 903;19 035
a148;maj 2016;14 252;9 905;224;10 129;9 953;224;10 177
a149;maj 2016;34 340;24 116;194;24 310;25 366;194;25 560
a150;maj 2016;412 278;275 842;209;276 051;275 842;209;276 051
a151;maj 2016;21 978;15 333;306;15 639;15 351;306;15 657
a152;maj 2016;22 608;14 976;166;15 142;15 328;166;15 494
a153;maj 2016;23 322;17 967;183;18 150;17 976;183;18 159
a154;maj 2016;19 597;12 187;110;12 297;13 243;110;13 353
a155;maj 2016;31 431;22 980;2 014;24 994;22 980;2 014;24 994
a156;maj 2016;57 615;20 427;308;20 735;20 427;321;20 748
a157;maj 2016;43 589;37 109;457;37 566;37 192;554;37 746
a158;maj 2016;21 242;14 076;223;14 299;14 349;223;14 572
a159;maj 2016;7 845;5 253;110;5 363;5 346;110;5 456
a160;maj 2016;230 481;139 764;1 889;141 653;144 776;15 253;160 029
a161;maj 2016;27 021;19 594;292;19 886;19 750;292;20 042
a162;maj 2016;35 350;26 261;270;26 531;26 265;270;26 535
a163;maj 2016;7 333;3 662;57;3 719;3 662;57;3 719
a164;maj 2016;6 957;4 770;197;4 967;5 014;197;5 211
a165;maj 2016;17 938;9 728;101;9 829;10 813;101;10 914
a166;maj 2016;18 565;12 186;145;12 331;14 203;145;14 348
a167;maj 2016;15 019;11 328;197;11 525;11 329;197;11 526
a168;maj 2016;7 338;2 540;1 981;4 521;2 724;2 281;5 005
a169;maj 2016;9 016;2 882;76;2 958;2 882;76;2 958
a170;maj 2016;54 687;27 262;353;27 615;27 262;353;27 615
a171;maj 2016;13 280;7 260;3 066;10 326;9 643;3 066;12 709
a172;maj 2016;62 235;43 044;11 038;54 082;43 203;11 038;54 241
a173;maj 2016;10 958;5 490;19;5 509;5 490;19;5 509
a174;maj 2016;234 551;136 295;0;136 295;137 015;0;137 015
a175;maj 2016;13 078;7 228;0;7 228;7 228;0;7 228
a176;czerwiec 2016;28 906;19 100;136;19 236;19 158;136;19 294
a177;czerwiec 2016;50 780;30 131;10 643;40 774;34 110;14 327;48 437
a178;czerwiec 2016;29 573;18 433;233;18 666;20 356;233;20 589
a179;czerwiec 2016;23 817;15 621;151;15 772;15 857;151;16 008
a180;czerwiec 2016;9 309;5 465;0;5 465;5 465;0;5 465
a181;czerwiec 2016;49 632;32 144;278;32 422;32 324;278;32 602
a182;czerwiec 2016;23 130;14 458;306;14 764;15 953;652;16 605
a183;czerwiec 2016;13 838;9 543;176;9 719;9 559;176;9 735
a184;czerwiec 2016;32 628;22 581;30;22 611;23 735;30;23 765
a185;czerwiec 2016;408 746;269 835;210;270 045;269 835;210;270 045
a186;czerwiec 2016;19 588;13 257;281;13 538;13 269;281;13 550
a187;czerwiec 2016;21 001;13 627;127;13 754;13 785;127;13 912
a188;czerwiec 2016;22 539;17 195;176;17 371;17 207;176;17 383
a189;czerwiec 2016;18 300;11 701;112;11 813;11 767;112;11 879
a190;czerwiec 2016;31 567;22 972;2 035;25 007;22 972;2 035;25 007
a191;czerwiec 2016;60 805;19 538;312;19 850;19 538;326;19 864
a192;czerwiec 2016;42 452;35 952;435;36 387;36 070;499;36 569
a193;czerwiec 2016;20 793;13 439;200;13 639;13 620;200;13 820
a194;czerwiec 2016;7 658;5 098;66;5 164;5 270;66;5 336
a195;czerwiec 2016;230 372;131 621;1 873;133 494;137 116;14 934;152 050
a196;czerwiec 2016;25 913;18 851;313;19 164;18 982;313;19 295
a197;czerwiec 2016;33 381;24 922;500;25 422;24 926;500;25 426
a198;czerwiec 2016;6 986;3 381;57;3 438;3 381;57;3 438
a199;czerwiec 2016;6 623;4 416;23;4 439;4 673;23;4 696
a200;czerwiec 2016;17 406;9 114;45;9 159;10 295;45;10 340
a201;czerwiec 2016;17 449;11 461;120;11 581;12 976;120;13 096
a202;czerwiec 2016;14 666;10 984;162;11 146;10 985;162;11 147
a203;czerwiec 2016;7 114;2 430;1 960;4 390;2 490;2 260;4 750
a204;czerwiec 2016;8 883;2 757;73;2 830;2 757;73;2 830
a205;czerwiec 2016;71 055;34 172;371;34 543;34 172;371;34 543
a206;czerwiec 2016;13 266;7 212;3 030;10 242;9 548;3 030;12 578
a207;czerwiec 2016;66 798;43 168;11 059;54 227;43 379;11 059;54 438
a208;czerwiec 2016;10 813;5 334;26;5 360;5 334;26;5 360
a209;czerwiec 2016;234 265;129 802;0;129 802;130 522;0;130 522
a210;czerwiec 2016;12 815;6 783;0;6 783;6 783;0;6 783
a211;lipiec 2016;31 517;20 920;891;21 811;20 966;891;21 857
a212;lipiec 2016;50 226;29 796;10 479;40 275;33 473;14 166;47 639
a213;lipiec 2016;27 665;18 477;36;18 513;18 862;36;18 898
a214;lipiec 2016;23 790;16 135;128;16 263;16 265;128;16 393
a215;lipiec 2016;10 057;5 668;0;5 668;5 679;0;5 679
a216;lipiec 2016;52 546;33 472;261;33 733;33 472;261;33 733
a217;lipiec 2016;21 519;15 094;308;15 402;15 687;654;16 341
a218;lipiec 2016;14 571;9 797;143;9 940;9 811;143;9 954
a219;lipiec 2016;32 909;23 559;13;23 572;23 559;13;23 572
a220;lipiec 2016;409 225;266 148;215;266 363;266 148;215;266 363
a221;lipiec 2016;19 038;13 473;135;13 608;13 487;135;13 622
a222;lipiec 2016;21 776;14 584;76;14 660;14 621;76;14 697
a223;lipiec 2016;23 192;17 570;205;17 775;17 579;205;17 784
a224;lipiec 2016;19 544;12 184;96;12 280;12 440;96;12 536
a225;lipiec 2016;31 238;22 469;1 793;24 262;22 469;1 793;24 262
a226;lipiec 2016;60 857;18 847;305;19 152;18 847;312;19 159
a227;lipiec 2016;42 069;35 861;302;36 163;35 899;327;36 226
a228;lipiec 2016;21 131;13 513;222;13 735;13 551;222;13 773
a229;lipiec 2016;8 121;5 413;16;5 429;5 526;16;5 542
a230;lipiec 2016;234 182;140 312;1 870;142 182;145 375;15 512;160 887
a231;lipiec 2016;25 992;19 215;137;19 352;19 340;137;19 477
a232;lipiec 2016;33 863;25 650;265;25 915;25 654;265;25 919
a233;lipiec 2016;7 467;3 583;57;3 640;3 583;57;3 640
a234;lipiec 2016;6 905;4 788;24;4 812;4 850;24;4 874
a235;lipiec 2016;19 456;9 902;42;9 944;11 136;42;11 178
a236;lipiec 2016;16 365;11 554;106;11 660;12 197;106;12 303
a237;lipiec 2016;14 999;10 969;110;11 079;10 969;110;11 079
a238;lipiec 2016;7 082;2 668;1 965;4 633;2 721;2 265;4 986
a239;lipiec 2016;9 200;2 817;72;2 889;2 817;72;2 889
a240;lipiec 2016;64 579;30 959;381;31 340;30 959;381;31 340
a241;lipiec 2016;11 412;7 136;2 971;10 107;7 680;2 971;10 651
a242;lipiec 2016;66 623;42 961;11 056;54 017;43 059;11 056;54 115
a243;lipiec 2016;10 500;4 983;23;5 006;4 983;23;5 006
a244;lipiec 2016;240 891;136 316;0;136 316;137 036;0;137 036
a245;lipiec 2016;13 857;7 584;0;7 584;7 584;0;7 584
a246;sierpień 2016;28 491;19 136;312;19 448;19 182;312;19 494
a247;sierpień 2016;43 745;28 387;10 500;38 887;31 830;14 168;45 998
a248;sierpień 2016;26 110;17 982;39;18 021;17 982;39;18 021
a249;sierpień 2016;23 340;15 944;137;16 081;16 056;137;16 193
a250;sierpień 2016;8 727;5 252;0;5 252;5 256;0;5 256
a251;sierpień 2016;47 410;30 418;401;30 819;30 418;401;30 819
a252;sierpień 2016;20 374;14 400;269;14 669;14 798;615;15 413
a253;sierpień 2016;13 560;9 245;180;9 425;9 255;180;9 435
a254;sierpień 2016;29 486;21 553;12;21 565;21 553;12;21 565
a255;sierpień 2016;395 103;270 112;218;270 330;270 112;218;270 330
a256;sierpień 2016;18 392;13 286;187;13 473;13 297;187;13 484
a257;sierpień 2016;20 922;14 086;391;14 477;14 190;391;14 581
a258;sierpień 2016;22 024;17 031;213;17 244;17 039;213;17 252
a259;sierpień 2016;17 532;11 358;106;11 464;11 456;106;11 562
a260;sierpień 2016;31 591;22 569;1 969;24 538;22 569;1 969;24 538
a261;sierpień 2016;62 260;18 457;284;18 741;18 457;289;18 746
a262;sierpień 2016;39 721;34 656;330;34 986;34 656;330;34 986
a263;sierpień 2016;19 547;12 974;223;13 197;12 974;223;13 197
a264;sierpień 2016;7 624;5 147;16;5 163;5 262;16;5 278
a265;sierpień 2016;218 621;130 895;1 871;132 766;136 349;14 728;151 077
a266;sierpień 2016;24 575;18 266;132;18 398;18 397;132;18 529
a267;sierpień 2016;32 062;24 556;93;24 649;24 560;93;24 653
a268;sierpień 2016;6 891;3 401;101;3 502;3 401;101;3 502
a269;sierpień 2016;6 338;4 511;49;4 560;4 550;49;4 599
a270;sierpień 2016;17 483;8 986;39;9 025;10 262;39;10 301
a271;sierpień 2016;15 757;11 389;105;11 494;11 834;105;11 939
a272;sierpień 2016;14 339;10 679;172;10 851;10 679;172;10 851
a273;sierpień 2016;6 727;2 381;1 970;4 351;2 435;2 270;4 705
a274;sierpień 2016;8 750;2 603;74;2 677;2 603;74;2 677
a275;sierpień 2016;65 292;33 944;389;34 333;33 944;389;34 333
a276;sierpień 2016;11 294;7 078;2 950;10 028;7 589;2 950;10 539
a277;sierpień 2016;62 555;41 601;11 081;52 682;41 694;11 081;52 775
a278;sierpień 2016;10 944;5 585;23;5 608;5 585;23;5 608
a279;sierpień 2016;230 719;132 036;0;132 036;132 756;0;132 756
a280;sierpień 2016;12 577;6 745;0;6 745;6 745;0;6 745
a281;wrzesień 2016;29 952;20 281;584;20 865;20 339;584;20 923
a282;wrzesień 2016;48 758;31 363;10 664;42 027;34 922;14 349;49 271
a283;wrzesień 2016;27 261;19 076;418;19 494;19 076;418;19 494
a284;wrzesień 2016;24 093;16 168;331;16 499;16 414;331;16 745
a285;wrzesień 2016;9 555;5 718;0;5 718;5 754;0;5 754
a286;wrzesień 2016;51 407;34 073;291;34 364;34 073;291;34 364
a287;wrzesień 2016;23 680;15 901;293;16 194;16 669;639;17 308
a288;wrzesień 2016;14 386;9 950;156;10 106;10 040;156;10 196
a289;wrzesień 2016;32 272;23 969;59;24 028;23 969;59;24 028
a290;wrzesień 2016;390 879;279 277;220;279 497;279 277;220;279 497
a291;wrzesień 2016;19 481;13 871;305;14 176;13 896;305;14 201
a292;wrzesień 2016;21 580;14 339;223;14 562;14 385;223;14 608
a293;wrzesień 2016;21 753;17 056;261;17 317;17 062;261;17 323
a294;wrzesień 2016;18 854;12 341;125;12 466;12 458;125;12 583
a295;wrzesień 2016;33 234;22 735;2 018;24 753;22 735;2 018;24 753
a296;wrzesień 2016;64 047;18 454;278;18 732;18 454;283;18 737
a297;wrzesień 2016;40 984;35 794;329;36 123;35 794;329;36 123
a298;wrzesień 2016;19 954;13 807;200;14 007;13 884;200;14 084
a299;wrzesień 2016;7 902;5 436;81;5 517;5 581;81;5 662
a300;wrzesień 2016;216 987;134 257;1 886;136 143;139 080;14 810;153 890
a301;wrzesień 2016;25 121;18 697;114;18 811;18 843;114;18 957
a302;wrzesień 2016;33 784;25 804;220;26 024;25 808;220;26 028
a303;wrzesień 2016;7 343;3 519;54;3 573;3 519;54;3 573
a304;wrzesień 2016;6 540;4 665;228;4 893;4 767;228;4 995
a305;wrzesień 2016;18 870;9 720;60;9 780;10 950;60;11 010
a306;wrzesień 2016;17 141;11 481;246;11 727;13 012;246;13 258
a307;wrzesień 2016;14 797;11 239;136;11 375;11 240;136;11 376
a308;wrzesień 2016;8 634;2 377;1 976;4 353;2 426;2 276;4 702
a309;wrzesień 2016;9 176;2 792;75;2 867;2 792;75;2 867
a310;wrzesień 2016;57 956;27 533;367;27 900;27 533;367;27 900
a311;wrzesień 2016;11 233;7 060;2 954;10 014;7 585;2 954;10 539
a312;wrzesień 2016;62 872;41 698;11 096;52 794;41 813;11 096;52 909
a313;wrzesień 2016;10 517;5 157;19;5 176;5 157;19;5 176
a314;wrzesień 2016;234 874;136 119;0;136 119;136 839;0;136 839
a315;wrzesień 2016;13 570;7 209;0;7 209;7 209;0;7 209
a316;październik 2016;26 008;18 451;939;19 390;18 497;939;19 436
a317;październik 2016;51 966;31 880;10 659;42 539;35 477;14 332;49 809
a318;październik 2016;25 566;18 061;230;18 291;18 061;230;18 291
a319;październik 2016;23 558;15 887;326;16 213;16 021;326;16 347
a320;październik 2016;9 089;5 447;0;5 447;5 454;0;5 454
a321;październik 2016;47 860;30 718;298;31 016;30 718;298;31 016
a322;październik 2016;23 829;15 438;878;16 316;16 506;1 224;17 730
a323;październik 2016;13 002;9 311;201;9 512;9 315;201;9 516
a324;październik 2016;30 241;22 585;184;22 769;22 585;184;22 769
a325;październik 2016;392 272;266 719;221;266 940;266 719;221;266 940
a326;październik 2016;18 311;13 112;215;13 327;13 123;215;13 338
a327;październik 2016;20 914;14 000;234;14 234;14 178;234;14 412
a328;październik 2016;22 603;17 780;336;18 116;17 788;336;18 124
a329;październik 2016;16 741;11 173;122;11 295;11 316;122;11 438
a330;październik 2016;33 051;22 857;1 917;24 774;22 857;1 917;24 774
a331;październik 2016;70 086;19 604;285;19 889;19 604;294;19 898
a332;październik 2016;39 455;34 798;379;35 177;34 817;379;35 196
a333;październik 2016;19 083;13 382;280;13 662;13 440;280;13 720
a334;październik 2016;7 405;5 148;15;5 163;5 241;15;5 256
a335;październik 2016;225 597;133 328;1 949;135 277;138 229;14 859;153 088
a336;październik 2016;23 987;17 897;496;18 393;18 057;496;18 553
a337;październik 2016;33 169;25 301;253;25 554;25 305;253;25 558
a338;październik 2016;7 029;3 380;61;3 441;3 418;61;3 479
a339;październik 2016;6 230;4 471;102;4 573;4 504;102;4 606
a340;październik 2016;16 608;9 177;71;9 248;10 208;71;10 279
a341;październik 2016;17 382;11 434;823;12 257;13 201;823;14 024
a342;październik 2016;13 964;10 631;175;10 806;10 632;175;10 807
a343;październik 2016;6 775;2 379;1 993;4 372;2 442;2 293;4 735
a344;październik 2016;8 698;2 710;80;2 790;2 710;80;2 790
a345;październik 2016;55 454;26 827;386;27 213;26 827;386;27 213
a346;październik 2016;12 996;7 000;2 966;9 966;9 351;2 966;12 317
a347;październik 2016;61 806;40 965;11 174;52 139;41 071;11 174;52 245
a348;październik 2016;10 808;5 299;21;5 320;5 299;21;5 320
a349;październik 2016;230 387;135 685;0;135 685;136 405;0;136 405
a350;październik 2016;12 783;7 026;0;7 026;7 026;0;7 026
a351;listopad 2016;26 420;18 592;524;19 116;18 642;524;19 166
a352;listopad 2016;54 149;31 878;10 702;42 580;37 507;14 378;51 885
a353;listopad 2016;26 534;18 706;229;18 935;18 706;229;18 935
a354;listopad 2016;23 527;15 514;361;15 875;15 676;361;16 037
a355;listopad 2016;9 123;5 415;0;5 415;5 423;0;5 423
a356;listopad 2016;48 313;31 607;576;32 183;31 607;576;32 183
a357;listopad 2016;24 334;15 560;1 020;16 580;17 017;1 411;18 428
a358;listopad 2016;12 986;9 353;187;9 540;9 357;187;9 544
a359;listopad 2016;30 539;22 914;200;23 114;23 189;200;23 389
a360;listopad 2016;387 160;268 540;224;268 764;268 540;224;268 764
a361;listopad 2016;18 162;12 487;707;13 194;12 564;707;13 271
a362;listopad 2016;20 714;13 669;459;14 128;13 961;459;14 420
a363;listopad 2016;21 717;16 992;371;17 363;16 999;371;17 370
a364;listopad 2016;17 084;11 324;120;11 444;11 330;120;11 450
a365;listopad 2016;35 379;23 050;2 089;25 139;23 050;2 089;25 139
a366;listopad 2016;67 477;18 873;305;19 178;18 873;310;19 183
a367;listopad 2016;40 296;35 137;319;35 456;35 137;319;35 456
a368;listopad 2016;19 293;13 499;219;13 718;13 499;219;13 718
a369;listopad 2016;7 463;5 193;119;5 312;5 286;119;5 405
a370;listopad 2016;215 621;127 859;1 927;129 786;133 751;14 571;148 322
a371;listopad 2016;24 258;17 775;352;18 127;17 925;352;18 277
a372;listopad 2016;33 328;25 243;872;26 115;25 247;872;26 119
a373;listopad 2016;7 150;3 420;166;3 586;3 460;166;3 626
a374;listopad 2016;6 396;4 483;194;4 677;4 616;194;4 810
a375;listopad 2016;16 860;9 130;79;9 209;10 190;79;10 269
a376;listopad 2016;17 301;11 254;370;11 624;12 876;370;13 246
a377;listopad 2016;13 846;10 580;150;10 730;10 581;150;10 731
a378;listopad 2016;6 787;2 369;1 994;4 363;2 430;2 294;4 724
a379;listopad 2016;9 117;2 803;81;2 884;2 803;81;2 884
a380;listopad 2016;53 958;25 815;377;26 192;25 815;377;26 192
a381;listopad 2016;12 864;6 997;2 954;9 951;9 284;2 954;12 238
a382;listopad 2016;61 693;40 675;11 420;52 095;40 780;11 420;52 200
a383;listopad 2016;10 342;5 049;19;5 068;5 049;19;5 068
a384;listopad 2016;227 525;132 162;0;132 162;132 886;0;132 886
a385;listopad 2016;13 030;7 069;0;7 069;7 069;0;7 069
a386;grudzień 2016;28 667;19 904;663;20 567;19 939;663;20 602
a387;grudzień 2016;50 656;32 163;10 727;42 890;35 757;14 416;50 173
a388;grudzień 2016;27 104;18 731;691;19 422;18 731;691;19 422
a389;grudzień 2016;24 256;15 847;160;16 007;16 065;160;16 225
a390;grudzień 2016;9 617;5 622;0;5 622;5 626;0;5 626
a391;grudzień 2016;53 029;35 199;526;35 725;35 199;526;35 725
a392;grudzień 2016;26 016;16 592;1 236;17 828;17 922;1 611;19 533
a393;grudzień 2016;13 617;9 840;148;9 988;9 843;148;9 991
a394;grudzień 2016;32 377;24 584;114;24 698;24 584;114;24 698
a395;grudzień 2016;390 662;272 458;205;272 663;272 458;205;272 663
a396;grudzień 2016;18 398;12 662;229;12 891;12 676;229;12 905
a397;grudzień 2016;21 588;14 196;128;14 324;14 310;128;14 438
a398;grudzień 2016;22 271;17 393;275;17 668;17 400;275;17 675
a399;grudzień 2016;17 936;11 936;104;12 040;11 944;104;12 048
a400;grudzień 2016;31 592;23 426;2 133;25 559;23 426;2 133;25 559
a401;grudzień 2016;66 702;19 406;301;19 707;19 406;309;19 715
a402;grudzień 2016;41 415;35 767;201;35 968;35 767;201;35 968
a403;grudzień 2016;19 870;13 777;356;14 133;13 842;356;14 198
a404;grudzień 2016;7 982;5 528;12;5 540;5 620;12;5 632
a405;grudzień 2016;225 428;130 939;1 897;132 836;135 131;13 621;148 752
a406;grudzień 2016;24 958;18 056;199;18 255;18 181;199;18 380
a407;grudzień 2016;34 611;26 012;640;26 652;26 016;640;26 656
a408;grudzień 2016;7 630;3 797;79;3 876;3 797;79;3 876
a409;grudzień 2016;6 853;4 732;281;5 013;4 884;281;5 165
a410;grudzień 2016;18 193;10 006;63;10 069;11 193;63;11 256
a411;grudzień 2016;17 844;11 550;359;11 909;13 138;359;13 497
a412;grudzień 2016;14 262;10 886;155;11 041;10 917;155;11 072
a413;grudzień 2016;6 762;2 366;2 009;4 375;2 419;2 309;4 728
a414;grudzień 2016;9 165;2 897;69;2 966;2 897;69;2 966
a415;grudzień 2016;51 896;24 302;365;24 667;24 302;365;24 667
a416;grudzień 2016;12 804;6 956;2 898;9 854;9 274;2 898;12 172
a417;grudzień 2016;62 249;40 647;11 478;52 125;40 739;11 478;52 217
a418;grudzień 2016;9 565;4 475;16;4 491;4 475;16;4 491
a419;grudzień 2016;234 076;135 130;0;135 130;135 850;0;135 850
a420;grudzień 2016;13 802;7 830;0;7 830;7 830;0;7 830
a421;styczeń 2017;25 761;17 513;994;18 507;17 561;994;18 555
a422;styczeń 2017;62 902;40 030;10 541;50 571;43 234;14 130;57 364
a423;styczeń 2017;25 345;17 126;461;17 587;17 319;461;17 780
a424;styczeń 2017;23 302;14 871;129;15 000;14 944;129;15 073
a425;styczeń 2017;9 060;4 976;0;4 976;4 976;0;4 976
a426;styczeń 2017;47 080;30 351;636;30 987;30 351;636;30 987
a427;styczeń 2017;21 592;14 046;1 231;15 277;15 023;1 591;16 614
a428;styczeń 2017;12 741;9 067;133;9 200;9 069;133;9 202
a429;styczeń 2017;29 645;22 045;14;22 059;22 230;14;22 244
a430;styczeń 2017;396 148;279 702;184;279 886;279 702;184;279 886
a431;styczeń 2017;16 942;11 433;320;11 753;11 444;320;11 764
a432;styczeń 2017;20 527;13 300;565;13 865;13 324;565;13 889
a433;styczeń 2017;20 687;16 225;240;16 465;16 233;240;16 473
a434;styczeń 2017;15 827;10 320;26;10 346;10 395;26;10 421
a435;styczeń 2017;32 491;22 959;1 288;24 247;22 959;1 288;24 247
a436;styczeń 2017;66 650;19 266;334;19 600;19 266;344;19 610
a437;styczeń 2017;39 554;34 311;791;35 102;34 311;791;35 102
a438;styczeń 2017;18 737;12 672;369;13 041;12 672;369;13 041
a439;styczeń 2017;7 336;4 906;95;5 001;5 000;95;5 095
a440;styczeń 2017;200 306;116 507;1 744;118 251;120 078;11 952;132 030
a441;styczeń 2017;23 627;17 164;201;17 365;17 286;201;17 487
a442;styczeń 2017;33 066;24 660;432;25 092;24 664;432;25 096
a443;styczeń 2017;6 967;3 217;39;3 256;3 217;39;3 256
a444;styczeń 2017;6 250;4 361;24;4 385;4 385;24;4 409
a445;styczeń 2017;16 399;8 664;59;8 723;9 604;59;9 663
a446;styczeń 2017;16 590;10 894;87;10 981;12 001;87;12 088
a447;styczeń 2017;13 600;10 228;118;10 346;10 229;118;10 347
a448;styczeń 2017;10 967;2 618;1 940;4 558;2 668;2 240;4 908
a449;styczeń 2017;8 694;2 775;75;2 850;2 775;75;2 850
a450;styczeń 2017;50 584;23 828;354;24 182;23 828;354;24 182
a451;styczeń 2017;12 237;6 495;2 706;9 201;8 719;2 706;11 425
a452;styczeń 2017;74 165;40 927;11 523;52 450;41 000;11 523;52 523
a453;styczeń 2017;9 664;4 467;16;4 483;4 467;16;4 483
a454;styczeń 2017;228 465;137 108;0;137 108;137 828;0;137 828
a455;styczeń 2017;12 769;7 095;0;7 095;7 095;0;7 095
a456;luty 2017;25 916;17 785;714;18 499;17 835;714;18 549
a457;luty 2017;50 254;31 220;10 441;41 661;33 845;14 034;47 879
a458;luty 2017;25 636;17 264;473;17 737;17 466;473;17 939
a459;luty 2017;22 894;14 771;130;14 901;14 857;130;14 987
a460;luty 2017;9 148;5 065;0;5 065;5 065;0;5 065
a461;luty 2017;47 649;30 777;374;31 151;30 777;374;31 151
a462;luty 2017;21 443;14 122;822;14 944;15 053;1 197;16 250
a463;luty 2017;12 756;9 006;109;9 115;9 008;109;9 117
a464;luty 2017;30 049;21 953;54;22 007;22 138;54;22 192
a465;luty 2017;407 232;279 747;186;279 933;279 747;186;279 933
a466;luty 2017;17 044;11 576;114;11 690;11 588;114;11 702
a467;luty 2017;20 795;13 472;594;14 066;13 503;594;14 097
a468;luty 2017;20 541;15 975;203;16 178;15 984;203;16 187
a469;luty 2017;15 972;10 523;30;10 553;10 613;30;10 643
a470;luty 2017;32 398;22 892;2 116;25 008;22 892;2 116;25 008
a471;luty 2017;66 667;18 445;326;18 771;18 445;335;18 780
a472;luty 2017;39 496;34 017;366;34 383;34 017;366;34 383
a473;luty 2017;18 908;12 594;254;12 848;12 657;254;12 911
a474;luty 2017;7 351;4 992;131;5 123;5 084;131;5 215
a475;luty 2017;205 236;117 985;1 731;119 716;121 807;12 991;134 798
a476;luty 2017;23 598;16 995;566;17 561;17 124;566;17 690
a477;luty 2017;32 481;24 382;228;24 610;24 386;228;24 614
a478;luty 2017;7 093;3 348;98;3 446;3 478;98;3 576
a479;luty 2017;6 380;4 383;26;4 409;4 501;26;4 527
a480;luty 2017;16 655;8 734;83;8 817;9 647;83;9 730
a481;luty 2017;16 530;10 757;554;11 311;11 919;554;12 473
a482;luty 2017;13 543;10 179;78;10 257;10 180;78;10 258
a483;luty 2017;10 945;2 469;1 811;4 280;2 539;2 111;4 650
a484;luty 2017;8 926;2 644;76;2 720;2 644;76;2 720
a485;luty 2017;55 853;25 777;343;26 120;25 777;343;26 120
a486;luty 2017;12 412;6 523;2 866;9 389;8 874;2 866;11 740
a487;luty 2017;58 758;37 753;11 484;49 237;37 842;11 484;49 326
a488;luty 2017;9 960;4 709;18;4 727;4 709;18;4 727
a489;luty 2017;227 800;131 710;0;131 710;132 430;0;132 430
a490;luty 2017;12 965;7 015;0;7 015;7 015;0;7 015
a491;marzec 2017;26 641;18 223;478;18 701;18 279;478;18 757
a492;marzec 2017;48 498;30 963;10 519;41 482;33 223;14 120;47 343
a493;marzec 2017;26 944;17 978;454;18 432;18 740;454;19 194
a494;marzec 2017;23 232;15 009;276;15 285;15 205;276;15 481
a495;marzec 2017;9 329;5 294;0;5 294;5 294;0;5 294
a496;marzec 2017;49 207;31 761;169;31 930;31 761;169;31 930
a497;marzec 2017;22 279;14 512;355;14 867;15 575;688;16 263
a498;marzec 2017;12 961;9 076;99;9 175;9 078;99;9 177
a499;marzec 2017;31 140;22 767;215;22 982;23 321;215;23 536
a500;marzec 2017;409 216;277 698;179;277 877;277 698;179;277 877
a501;marzec 2017;17 814;11 979;19;11 998;11 992;19;12 011
a502;marzec 2017;20 853;13 459;923;14 382;13 492;923;14 415
a503;marzec 2017;19 964;15 473;420;15 893;15 481;420;15 901
a504;marzec 2017;16 940;10 862;53;10 915;10 926;53;10 979
a505;marzec 2017;31 722;22 754;2 214;24 968;22 754;2 214;24 968
a506;marzec 2017;70 240;18 608;339;18 947;18 608;350;18 958
a507;marzec 2017;39 857;34 273;592;34 865;34 273;592;34 865
a508;marzec 2017;19 139;12 843;339;13 182;12 917;339;13 256
a509;marzec 2017;7 468;5 062;164;5 226;5 154;164;5 318
a510;marzec 2017;196 110;115 393;1 708;117 101;119 757;12 388;132 145
a511;marzec 2017;23 708;17 163;273;17 436;17 300;273;17 573
a512;marzec 2017;32 656;24 507;1 052;25 559;24 511;1 052;25 563
a513;marzec 2017;7 213;3 470;80;3 550;3 470;80;3 550
a514;marzec 2017;6 359;4 388;27;4 415;4 507;27;4 534
a515;marzec 2017;17 089;9 000;95;9 095;9 863;95;9 958
a516;marzec 2017;16 623;10 661;584;11 245;12 120;584;12 704
a517;marzec 2017;13 476;10 210;76;10 286;10 210;76;10 286
a518;marzec 2017;10 464;2 238;1 748;3 986;2 255;2 048;4 303
a519;marzec 2017;9 147;2 754;77;2 831;2 754;77;2 831
a520;marzec 2017;54 213;25 353;357;25 710;25 353;357;25 710
a521;marzec 2017;12 506;6 526;3 034;9 560;8 930;3 034;11 964
a522;marzec 2017;60 027;37 390;11 493;48 883;37 417;11 493;48 910
a523;marzec 2017;9 955;4 884;19;4 903;4 884;19;4 903
a524;marzec 2017;236 308;133 094;0;133 094;133 814;0;133 814
a525;marzec 2017;13 053;7 019;0;7 019;7 019;0;7 019
a526;kwiecień 2017;25 376;17 578;992;18 570;17 616;992;18 608
a527;kwiecień 2017;49 848;30 289;10 487;40 776;32 400;14 086;46 486
a528;kwiecień 2017;25 649;17 142;324;17 466;17 592;324;17 916
a529;kwiecień 2017;23 141;14 929;134;15 063;15 047;134;15 181
a530;kwiecień 2017;9 319;5 278;0;5 278;5 282;0;5 282
a531;kwiecień 2017;48 154;30 772;511;31 283;30 772;511;31 283
a532;kwiecień 2017;22 764;14 595;1 299;15 894;16 227;1 690;17 917
a533;kwiecień 2017;12 443;8 978;93;9 071;8 980;93;9 073
a534;kwiecień 2017;30 242;22 046;55;22 101;22 356;55;22 411
a535;kwiecień 2017;396 793;266 230;177;266 407;266 230;177;266 407
a536;kwiecień 2017;18 140;12 320;421;12 741;12 333;421;12 754
a537;kwiecień 2017;20 481;13 050;613;13 663;13 120;613;13 733
a538;kwiecień 2017;21 601;16 805;503;17 308;16 814;503;17 317
a539;kwiecień 2017;15 923;10 290;61;10 351;10 306;61;10 367
a540;kwiecień 2017;29 194;22 026;1 976;24 002;22 026;1 976;24 002
a541;kwiecień 2017;66 597;18 368;331;18 699;18 368;342;18 710
a542;kwiecień 2017;38 506;33 203;651;33 854;33 203;651;33 854
a543;kwiecień 2017;18 512;12 501;650;13 151;12 551;650;13 201
a544;kwiecień 2017;7 382;4 912;58;4 970;5 009;58;5 067
a545;kwiecień 2017;206 336;118 864;1 701;120 565;123 019;9 987;133 006
a546;kwiecień 2017;22 901;16 740;558;17 298;16 898;558;17 456
a547;kwiecień 2017;32 383;24 183;684;24 867;24 187;684;24 871
a548;kwiecień 2017;7 210;3 414;77;3 491;3 482;77;3 559
a549;kwiecień 2017;6 312;4 367;157;4 524;4 528;157;4 685
a550;kwiecień 2017;16 843;9 093;108;9 201;9 943;108;10 051
a551;kwiecień 2017;16 382;10 714;399;11 113;12 079;399;12 478
a552;kwiecień 2017;13 122;10 122;74;10 196;10 123;74;10 197
a553;kwiecień 2017;10 438;2 552;1 718;4 270;2 582;2 018;4 600
a554;kwiecień 2017;8 988;2 744;252;2 996;2 744;252;2 996
a555;kwiecień 2017;53 274;25 436;346;25 782;25 436;346;25 782
a556;kwiecień 2017;12 534;6 505;3 087;9 592;8 988;3 087;12 075
a557;kwiecień 2017;70 506;38 047;11 437;49 484;38 139;11 437;49 576
a558;kwiecień 2017;10 213;4 927;16;4 943;4 927;16;4 943
a559;kwiecień 2017;232 813;132 840;0;132 840;133 573;0;133 573
a560;kwiecień 2017;12 697;6 982;0;6 982;6 982;0;6 982
a561;maj 2017;24 525;16 629;639;17 268;16 677;639;17 316
a562;maj 2017;47 893;28 775;10 608;39 383;31 150;14 202;45 352
a563;maj 2017;25 202;16 498;196;16 694;16 903;196;17 099
a564;maj 2017;22 868;14 586;125;14 711;14 706;125;14 831
a565;maj 2017;8 888;4 987;0;4 987;4 987;0;4 987
a566;maj 2017;47 946;30 661;369;31 030;30 661;369;31 030
a567;maj 2017;21 201;13 534;910;14 444;14 600;1 270;15 870
a568;maj 2017;12 009;8 471;168;8 639;8 472;168;8 640
a569;maj 2017;29 301;20 567;12;20 579;20 752;12;20 764
a570;maj 2017;378 584;259 520;173;259 693;259 520;173;259 693
a571;maj 2017;17 840;11 947;218;12 165;11 957;218;12 175
a572;maj 2017;21 084;13 144;512;13 656;13 208;512;13 720
a573;maj 2017;20 103;15 475;152;15 627;15 483;152;15 635
a574;maj 2017;15 262;9 829;61;9 890;9 834;61;9 895
a575;maj 2017;28 970;21 957;2 135;24 092;21 957;2 135;24 092
a576;maj 2017;66 922;17 791;372;18 163;17 791;379;18 170
a577;maj 2017;37 753;32 484;170;32 654;32 484;170;32 654
a578;maj 2017;18 341;12 221;160;12 381;12 221;160;12 381
a579;maj 2017;6 945;4 659;79;4 738;4 769;79;4 848
a580;maj 2017;194 039;110 359;1 639;111 998;114 669;10 368;125 037
a581;maj 2017;22 402;16 235;86;16 321;16 397;86;16 483
a582;maj 2017;31 714;23 298;587;23 885;23 302;587;23 889
a583;maj 2017;6 877;3 151;57;3 208;3 151;57;3 208
a584;maj 2017;6 381;4 440;315;4 755;4 575;315;4 890
a585;maj 2017;16 109;8 410;72;8 482;9 274;72;9 346
a586;maj 2017;16 514;10 415;192;10 607;12 023;192;12 215
a587;maj 2017;12 855;9 711;117;9 828;9 712;117;9 829
a588;maj 2017;10 727;2 532;1 681;4 213;2 629;1 981;4 610
a589;maj 2017;8 695;2 488;430;2 918;2 488;430;2 918
a590;maj 2017;54 232;25 375;89;25 464;25 375;89;25 464
a591;maj 2017;12 482;6 485;3 205;9 690;8 912;3 205;12 117
a592;maj 2017;74 720;37 612;11 404;49 016;37 695;11 404;49 099
a593;maj 2017;10 774;5 245;18;5 263;5 245;18;5 263
a594;maj 2017;224 593;130 634;0;130 634;131 354;0;131 354
a595;maj 2017;12 283;6 455;0;6 455;6 455;0;6 455
a596;czerwiec 2017;26 651;17 901;512;18 413;17 965;512;18 477
a597;czerwiec 2017;46 623;28 016;10 605;38 621;29 667;14 215;43 882
a598;czerwiec 2017;25 794;16 784;400;17 184;17 353;400;17 753
a599;czerwiec 2017;22 770;14 507;126;14 633;14 663;126;14 789
a600;czerwiec 2017;9 570;5 287;0;5 287;5 335;0;5 335
a601;czerwiec 2017;50 825;31 605;546;32 151;31 605;546;32 151
a602;czerwiec 2017;22 472;13 920;231;14 151;15 108;575;15 683
a603;czerwiec 2017;12 536;8 755;346;9 101;8 757;346;9 103
a604;czerwiec 2017;30 626;21 421;11;21 432;21 667;11;21 678
a605;czerwiec 2017;389 430;259 859;162;260 021;259 859;162;260 021
a606;czerwiec 2017;20 446;12 704;167;12 871;12 716;167;12 883
a607;czerwiec 2017;20 794;13 061;321;13 382;13 117;321;13 438
a608;czerwiec 2017;19 972;15 152;230;15 382;15 160;230;15 390
a609;czerwiec 2017;16 860;10 782;62;10 844;11 002;62;11 064
a610;czerwiec 2017;29 818;21 933;2 178;24 111;21 933;2 178;24 111
a611;czerwiec 2017;67 135;17 820;359;18 179;17 820;366;18 186
a612;czerwiec 2017;38 607;32 813;288;33 101;32 833;288;33 121
a613;czerwiec 2017;18 664;12 270;449;12 719;12 270;449;12 719
a614;czerwiec 2017;7 360;4 847;180;5 027;4 970;180;5 150
a615;czerwiec 2017;193 865;110 568;1 620;112 188;114 559;12 763;127 322
a616;czerwiec 2017;22 805;16 484;356;16 840;16 616;356;16 972
a617;czerwiec 2017;31 849;23 370;661;24 031;23 374;661;24 035
a618;czerwiec 2017;7 355;3 310;32;3 342;3 310;32;3 342
a619;czerwiec 2017;6 416;4 296;26;4 322;4 456;26;4 482
a620;czerwiec 2017;15 578;9 008;72;9 080;9 953;72;10 025
a621;czerwiec 2017;16 288;10 339;174;10 513;11 660;174;11 834
a622;czerwiec 2017;13 195;9 872;219;10 091;9 873;219;10 092
a623;czerwiec 2017;10 212;2 091;1 664;3 755;2 119;1 964;4 083
a624;czerwiec 2017;9 077;2 623;124;2 747;2 623;124;2 747
a625;czerwiec 2017;54 730;25 753;348;26 101;25 753;348;26 101
a626;czerwiec 2017;12 561;6 480;3 221;9 701;8 996;3 221;12 217
a627;czerwiec 2017;74 813;37 487;11 385;48 872;37 514;11 385;48 899
a628;czerwiec 2017;9 880;4 863;14;4 877;4 863;14;4 877
a629;czerwiec 2017;231 499;128 209;0;128 209;128 929;0;128 929
a630;czerwiec 2017;13 247;6 696;0;6 696;6 696;0;6 696
a631;lipiec 2017;23 963;16 051;199;16 250;16 097;199;16 296
a632;lipiec 2017;46 755;28 028;10 678;38 706;29 708;13 060;42 768
a633;lipiec 2017;22 671;14 838;259;15 097;15 100;259;15 359
a634;lipiec 2017;20 745;13 229;131;13 360;13 357;131;13 488
a635;lipiec 2017;8 845;4 675;0;4 675;4 680;0;4 680
a636;lipiec 2017;45 096;26 808;378;27 186;26 808;378;27 186
a637;lipiec 2017;19 492;12 118;356;12 474;12 610;679;13 289
a638;lipiec 2017;11 448;7 956;97;8 053;7 957;97;8 054
a639;lipiec 2017;27 163;18 668;10;18 678;18 853;10;18 863
a640;lipiec 2017;389 436;252 401;176;252 577;252 401;176;252 577
a641;lipiec 2017;17 119;11 261;52;11 313;11 271;52;11 323
a642;lipiec 2017;18 974;11 937;452;12 389;11 960;452;12 412
a643;lipiec 2017;20 152;15 304;319;15 623;15 312;319;15 631
a644;lipiec 2017;14 444;9 330;55;9 385;9 547;55;9 602
a645;lipiec 2017;28 758;21 431;1 890;23 321;21 431;1 890;23 321
a646;lipiec 2017;67 528;18 159;363;18 522;18 159;371;18 530
a647;lipiec 2017;36 215;30 877;215;31 092;30 939;215;31 154
a648;lipiec 2017;17 155;11 168;182;11 350;11 168;182;11 350
a649;lipiec 2017;6 747;4 443;16;4 459;4 589;16;4 605
a650;lipiec 2017;188 480;106 155;1 644;107 799;110 512;12 275;122 787
a651;lipiec 2017;21 973;15 852;130;15 982;15 973;130;16 103
a652;lipiec 2017;28 892;21 690;94;21 784;21 694;94;21 788
a653;maj 2017;6 816;2 917;76;2 993;2 917;76;2 993
a654;lipiec 2017;5 912;4 047;23;4 070;4 102;23;4 125
a655;lipiec 2017;14 381;8 227;75;8 302;9 077;75;9 152
a656;maj 2017;14 539;9 781;210;9 991;10 302;210;10 512
a657;lipiec 2017;12 444;9 261;81;9 342;9 261;81;9 342
a658;lipiec 2017;10 600;2 500;1 649;4 149;2 529;1 949;4 478
a659;lipiec 2017;8 586;2 639;127;2 766;2 639;127;2 766
a660;lipiec 2017;60 868;29 494;378;29 872;29 494;378;29 872
a661;lipiec 2017;10 448;6 374;3 278;9 652;6 946;3 278;10 224
a662;lipiec 2017;75 082;37 606;11 235;48 841;37 652;11 235;48 887
a663;lipiec 2017;10 356;5 121;17;5 138;5 121;17;5 138
a664;lipiec 2017;220 205;127 493;0;127 493;128 213;0;128 213
a665;lipiec 2017;11 952;5 957;0;5 957;5 957;0;5 957